<?xml version="1.0" encoding="utf-8" ?>
<?xml-stylesheet href="xsl/feed-5.xsl" type="text/xsl" media="screen"?>
<rss version="2.0" xmlns:dc="http://purl.org/dc/elements/1.1/" xmlns:content="http://purl.org/rss/1.0/modules/content/">
<channel>
	<title>样式之美</title>
	<link>http://www.loaoao.com</link>
	<description><![CDATA[CSS是用来玩滴]]></description>
	<language>zh-cn</language>
	<generator>aoao</generator>
	<item>
		<title>学完了xhtml+css之后要学什么呢？(魔兽版) </title>
		<link>http://www.loaoao.com/blog/entry/29/</link>
		<category>Blog</category>
		<description><![CDATA[传说中的传说]]></description>
		<content:encoded><p>传说中的传说</p>
		<ul>
		<li><a href="#">第一个传说</a></li>
		<li>第二个传说</li>
		</ul>

</content:encoded>
		<guid>http://www.loaoao.com/blog/entry/32/</guid>
		<pubDate>Sun, 2 Apr 2007 16:23:39 GMT</pubDate>
	</item>
</channel>
</rss>
